pred_pdb_path,aligned_pdb_path,tm_score,rmsd,local_tm
O84413/O84413_0.pdb,O84413/O84413_0_aligned.pdb,0.21885394007392622,10.760458202973583,
O84413/O84413_1.pdb,O84413/O84413_1_aligned.pdb,0.1465665902532718,12.249407985602822,
O84413/O84413_2.pdb,O84413/O84413_2_aligned.pdb,0.18859376930522798,10.651546645693193,
O84413/O84413_3.pdb,O84413/O84413_3_aligned.pdb,0.2042379031405081,10.421939111438165,
O84413/O84413_4.pdb,O84413/O84413_4_aligned.pdb,0.13165852480187085,9.604108364551863,
O84413/O84413_5.pdb,O84413/O84413_5_aligned.pdb,0.16001332095187626,12.617267439839551,
O84413/O84413_6.pdb,O84413/O84413_6_aligned.pdb,0.14463781688772642,12.42059324224863,
O84413/O84413_7.pdb,O84413/O84413_7_aligned.pdb,0.14679108112400036,9.095250580005775,
O84413/O84413_8.pdb,O84413/O84413_8_aligned.pdb,0.19002293681006366,12.408327099111228,
O84413/O84413_9.pdb,O84413/O84413_9_aligned.pdb,0.15875690592243974,10.544003900394683,
O84413/O84413_10.pdb,O84413/O84413_10_aligned.pdb,0.13182716130049887,9.481307019410764,
O84413/O84413_11.pdb,O84413/O84413_11_aligned.pdb,0.15670061358231313,9.749522270306644,
O84413/O84413_12.pdb,O84413/O84413_12_aligned.pdb,0.19597277852613215,12.35459343347265,
O84413/O84413_13.pdb,O84413/O84413_13_aligned.pdb,0.200415724249131,10.407851842001856,
O84413/O84413_14.pdb,O84413/O84413_14_aligned.pdb,0.18749907031786905,11.408930248395666,
O84413/O84413_15.pdb,O84413/O84413_15_aligned.pdb,0.18906829968403205,11.084631634600594,
O84413/O84413_16.pdb,O84413/O84413_16_aligned.pdb,0.18471176909205306,11.132345027644373,
O84413/O84413_17.pdb,O84413/O84413_17_aligned.pdb,0.13074806704256053,11.52151948654448,
O84413/O84413_18.pdb,O84413/O84413_18_aligned.pdb,0.13385861921335945,12.410311223652563,
O84413/O84413_19.pdb,O84413/O84413_19_aligned.pdb,0.13866188009987296,11.397082232196613,
O84413/O84413_20.pdb,O84413/O84413_20_aligned.pdb,0.12567335317564998,13.431361819759806,
O84413/O84413_21.pdb,O84413/O84413_21_aligned.pdb,0.15343217190401154,11.920866481735914,
O84413/O84413_22.pdb,O84413/O84413_22_aligned.pdb,0.16948692398750964,7.597793489950661,
O84413/O84413_23.pdb,O84413/O84413_23_aligned.pdb,0.1493772594872304,12.693718674160431,
O84413/O84413_24.pdb,O84413/O84413_24_aligned.pdb,0.14045471013323485,13.040332482886523,
O84413/O84413_25.pdb,O84413/O84413_25_aligned.pdb,0.16871310269045953,11.84794620892518,
O84413/O84413_26.pdb,O84413/O84413_26_aligned.pdb,0.14204545657755724,7.531704520603941,
O84413/O84413_27.pdb,O84413/O84413_27_aligned.pdb,0.18754325956106332,13.055548817691479,
O84413/O84413_28.pdb,O84413/O84413_28_aligned.pdb,0.16821008074004912,7.226693203206028,
O84413/O84413_29.pdb,O84413/O84413_29_aligned.pdb,0.13508955101077713,8.968909987076925,
O84413/O84413_30.pdb,O84413/O84413_30_aligned.pdb,0.14826125774291143,12.539574887140494,
O84413/O84413_31.pdb,O84413/O84413_31_aligned.pdb,0.21702565874322244,11.31977780033697,
O84413/O84413_32.pdb,O84413/O84413_32_aligned.pdb,0.2075014238550098,7.211116345040627,
O84413/O84413_33.pdb,O84413/O84413_33_aligned.pdb,0.1964058705956815,12.872274279141982,
O84413/O84413_34.pdb,O84413/O84413_34_aligned.pdb,0.1380440681294811,12.30046573780136,
O84413/O84413_35.pdb,O84413/O84413_35_aligned.pdb,0.13703451132621164,11.523969370284686,
O84413/O84413_36.pdb,O84413/O84413_36_aligned.pdb,0.13671511828783506,8.264650014956977,
O84413/O84413_37.pdb,O84413/O84413_37_aligned.pdb,0.14824410727967824,9.365537239225302,
O84413/O84413_38.pdb,O84413/O84413_38_aligned.pdb,0.13019216590738047,16.4568653714473,
O84413/O84413_39.pdb,O84413/O84413_39_aligned.pdb,0.18923215417247458,11.250625181755598,
O84413/O84413_40.pdb,O84413/O84413_40_aligned.pdb,0.13173301929381903,11.37208307550813,
O84413/O84413_41.pdb,O84413/O84413_41_aligned.pdb,0.19879475048594292,12.290933905757164,
O84413/O84413_42.pdb,O84413/O84413_42_aligned.pdb,0.1975617489165794,13.988706467281526,
O84413/O84413_43.pdb,O84413/O84413_43_aligned.pdb,0.1413385205694777,10.838279357628808,
O84413/O84413_44.pdb,O84413/O84413_44_aligned.pdb,0.13790312801904547,11.077580478820613,
O84413/O84413_45.pdb,O84413/O84413_45_aligned.pdb,0.17098225364639258,11.19055272957833,
O84413/O84413_46.pdb,O84413/O84413_46_aligned.pdb,0.13558481240559972,7.944777244552848,
O84413/O84413_47.pdb,O84413/O84413_47_aligned.pdb,0.1600884942533955,12.308046166757213,
O84413/O84413_48.pdb,O84413/O84413_48_aligned.pdb,0.20178032489985404,11.190896831291377,
O84413/O84413_49.pdb,O84413/O84413_49_aligned.pdb,0.13387706734998522,11.964041139673746,
O84413/O84413_50.pdb,O84413/O84413_50_aligned.pdb,0.2010832710574909,9.12768456865724,
O84413/O84413_51.pdb,O84413/O84413_51_aligned.pdb,0.14527848986112657,10.351640207736134,
O84413/O84413_52.pdb,O84413/O84413_52_aligned.pdb,0.1582237106691317,11.457613205130107,
O84413/O84413_53.pdb,O84413/O84413_53_aligned.pdb,0.1587280319931334,11.02383517559338,
O84413/O84413_54.pdb,O84413/O84413_54_aligned.pdb,0.1270949588096238,10.380325157461371,
O84413/O84413_55.pdb,O84413/O84413_55_aligned.pdb,0.1926071121121803,10.956949754892234,
O84413/O84413_56.pdb,O84413/O84413_56_aligned.pdb,0.14272678509305153,11.661255161509173,
O84413/O84413_57.pdb,O84413/O84413_57_aligned.pdb,0.21989186232985558,10.960981829375182,
O84413/O84413_58.pdb,O84413/O84413_58_aligned.pdb,0.18910634790435837,14.392745524951268,
O84413/O84413_59.pdb,O84413/O84413_59_aligned.pdb,0.17713771561329433,13.386505397714217,
O84413/O84413_60.pdb,O84413/O84413_60_aligned.pdb,0.15822989841158902,11.3852209637757,
O84413/O84413_61.pdb,O84413/O84413_61_aligned.pdb,0.1541582280273539,9.73065381286274,
O84413/O84413_62.pdb,O84413/O84413_62_aligned.pdb,0.1906602947346367,11.799972704319604,
O84413/O84413_63.pdb,O84413/O84413_63_aligned.pdb,0.15843404089433394,11.968460439142339,
O84413/O84413_64.pdb,O84413/O84413_64_aligned.pdb,0.14090993621484688,11.995209104796636,
O84413/O84413_65.pdb,O84413/O84413_65_aligned.pdb,0.15939733192597028,6.996934660303338,
O84413/O84413_66.pdb,O84413/O84413_66_aligned.pdb,0.15196385092909787,8.352629349997516,
O84413/O84413_67.pdb,O84413/O84413_67_aligned.pdb,0.15888876497029736,12.452074376558897,
O84413/O84413_68.pdb,O84413/O84413_68_aligned.pdb,0.21376685789842642,10.881806535348908,
O84413/O84413_69.pdb,O84413/O84413_69_aligned.pdb,0.19850584170110475,10.17570485011626,
O84413/O84413_70.pdb,O84413/O84413_70_aligned.pdb,0.16214962629106144,10.5044800133934,
O84413/O84413_71.pdb,O84413/O84413_71_aligned.pdb,0.1807604670904875,11.270948036755867,
O84413/O84413_72.pdb,O84413/O84413_72_aligned.pdb,0.19795150067584227,12.952776337133479,
O84413/O84413_73.pdb,O84413/O84413_73_aligned.pdb,0.18441633774902355,9.713777697345265,
O84413/O84413_74.pdb,O84413/O84413_74_aligned.pdb,0.1640865793193983,9.065040241767287,
O84413/O84413_75.pdb,O84413/O84413_75_aligned.pdb,0.21229585254539513,13.319234308697784,
O84413/O84413_76.pdb,O84413/O84413_76_aligned.pdb,0.15211291454205544,12.13545703323317,
O84413/O84413_77.pdb,O84413/O84413_77_aligned.pdb,0.14497638697308451,12.15119430586833,
O84413/O84413_78.pdb,O84413/O84413_78_aligned.pdb,0.1320186881470487,12.50828237948538,
O84413/O84413_79.pdb,O84413/O84413_79_aligned.pdb,0.15803264757401958,10.733567771562988,
O84413/O84413_80.pdb,O84413/O84413_80_aligned.pdb,0.15132339577637027,12.162421891504263,
O84413/O84413_81.pdb,O84413/O84413_81_aligned.pdb,0.1425172974550336,9.365026171916178,
O84413/O84413_82.pdb,O84413/O84413_82_aligned.pdb,0.12687831107836128,12.46017504725617,
O84413/O84413_83.pdb,O84413/O84413_83_aligned.pdb,0.16412942498657884,13.1599133053845,
O84413/O84413_84.pdb,O84413/O84413_84_aligned.pdb,0.14280727879498734,14.217238179876341,
O84413/O84413_85.pdb,O84413/O84413_85_aligned.pdb,0.20106556325672825,12.33638461034463,
O84413/O84413_86.pdb,O84413/O84413_86_aligned.pdb,0.19836611185717096,8.718948579330299,
O84413/O84413_87.pdb,O84413/O84413_87_aligned.pdb,0.16301273023559287,11.229044383989818,
O84413/O84413_88.pdb,O84413/O84413_88_aligned.pdb,0.14479725614877004,11.124511680471239,
O84413/O84413_89.pdb,O84413/O84413_89_aligned.pdb,0.13281656813734377,10.551479256177778,
O84413/O84413_90.pdb,O84413/O84413_90_aligned.pdb,0.16127273611511972,12.07573624330575,
O84413/O84413_91.pdb,O84413/O84413_91_aligned.pdb,0.13639881116324198,9.082711712740275,
O84413/O84413_92.pdb,O84413/O84413_92_aligned.pdb,0.13741013896471616,10.908476522864113,
O84413/O84413_93.pdb,O84413/O84413_93_aligned.pdb,0.16772294980977964,9.626433129967777,
O84413/O84413_94.pdb,O84413/O84413_94_aligned.pdb,0.14095091712240265,11.144920314225226,
O84413/O84413_95.pdb,O84413/O84413_95_aligned.pdb,0.2096995694118532,12.893232395186615,
O84413/O84413_96.pdb,O84413/O84413_96_aligned.pdb,0.16198895264084173,11.932513455062619,
O84413/O84413_97.pdb,O84413/O84413_97_aligned.pdb,0.20432139814939115,11.166759803375019,
O84413/O84413_98.pdb,O84413/O84413_98_aligned.pdb,0.2002729211079553,12.963940456253825,
O84413/O84413_99.pdb,O84413/O84413_99_aligned.pdb,0.13493787977605587,13.080092808348658,
