seq_num,wtAA,predAA,pred_ddG,stable_mut_count,neutral_mut_count,destable_mut_count,prALA,prARG,prASN,prASP,prCYS,prGLN,prGLU,prGLY,prHIS,prILE,prLEU,prLYS,prMET,prPHE,prPRO,prSER,prTHR,prTRP,prTYR,prVAL,seq
1,THR,CYS,-0.3241,0,20,0,0.3162,0.3042,0.2200,0.2249,-0.3241,0.3531,0.2526,0.2393,-0.0592,-0.1410,-0.1477,0.0045,-0.1427,0.0485,0.4830,0.3984,0.0455,0.0487,-0.1021,-0.0016,TCACRMLWVDMVHNFHSSSNNDWLGGDMYGKQSGQNYCMYSQPALQVGTVRQHRDSQRRSQNTP
2,CYS,LEU,-0.3069,0,17,3,0.1370,0.3386,-0.2326,0.2070,-0.1739,0.2168,0.3470,0.7380,0.1120,-0.3013,-0.3069,0.1066,0.0614,0.2791,0.7802,0.5759,0.3052,-0.0627,0.1718,0.0982,TCACRMLWVDMVHNFHSSSNNDWLGGDMYGKQSGQNYCMYSQPALQVGTVRQHRDSQRRSQNTP
3,ALA,ILE,-0.3629,0,17,3,0.1833,0.4447,0.1321,0.8160,-0.1439,0.4042,0.4114,0.8088,0.2883,-0.3629,0.0875,0.1094,-0.0273,0.0680,0.6813,0.3911,0.3170,0.2611,0.0890,0.0368,TCACRMLWVDMVHNFHSSSNNDWLGGDMYGKQSGQNYCMYSQPALQVGTVRQHRDSQRRSQNTP
4,CYS,ILE,-0.1976,0,18,2,0.1755,0.1217,-0.1354,0.3098,-0.1507,0.1151,0.3931,0.9152,0.1746,-0.1976,-0.1384,0.1343,-0.0681,0.3387,1.2128,0.3334,0.3081,0.2683,0.4952,0.1080,TCACRMLWVDMVHNFHSSSNNDWLGGDMYGKQSGQNYCMYSQPALQVGTVRQHRDSQRRSQNTP
5,ARG,CYS,-0.0301,0,9,11,0.7009,0.6358,0.5024,0.9210,-0.0301,0.6271,0.8448,1.1613,0.3709,0.1667,0.1740,0.3308,0.3531,0.4928,1.0551,0.8524,0.6606,0.3665,0.4647,0.5404,TCACRMLWVDMVHNFHSSSNNDWLGGDMYGKQSGQNYCMYSQPALQVGTVRQHRDSQRRSQNTP
6,MET,MET,0.0843,0,4,16,0.8931,0.8459,0.4966,0.9737,0.1474,0.5955,1.0185,1.0630,0.7242,0.4615,0.5121,0.6662,0.0843,0.6696,1.6194,1.0700,0.9056,0.8115,0.6924,0.6684,TCACRMLWVDMVHNFHSSSNNDWLGGDMYGKQSGQNYCMYSQPALQVGTVRQHRDSQRRSQNTP
7,LEU,LEU,-0.1442,0,6,14,0.9232,0.6611,0.5603,0.7058,0.0727,0.6161,0.7719,1.1431,0.7685,-0.0335,-0.1442,0.7145,-0.0246,0.4360,1.0180,1.0773,0.8818,0.5208,0.6060,0.3815,TCACRMLWVDMVHNFHSSSNNDWLGGDMYGKQSGQNYCMYSQPALQVGTVRQHRDSQRRSQNTP
8,TRP,TRP,0.3436,0,1,19,1.1600,1.1699,0.8882,1.0430,0.5147,1.2256,1.2688,1.3803,0.9031,1.0785,0.9284,1.1078,1.0025,0.6943,1.8133,1.2597,1.1441,0.3436,0.7149,1.3229,TCACRMLWVDMVHNFHSSSNNDWLGGDMYGKQSGQNYCMYSQPALQVGTVRQHRDSQRRSQNTP
9,VAL,ILE,0.0534,0,8,12,0.8130,0.6608,0.4645,0.9963,0.1197,0.7769,1.1343,1.5393,0.8391,0.0534,0.3727,0.4248,0.7613,0.4844,1.3137,0.9405,0.7748,0.2917,0.7118,0.2683,TCACRMLWVDMVHNFHSSSNNDWLGGDMYGKQSGQNYCMYSQPALQVGTVRQHRDSQRRSQNTP
10,ASP,CYS,-0.1520,0,16,4,0.4934,0.5840,0.1804,0.1640,-0.1520,0.3844,0.4404,0.5115,0.4025,0.1688,0.4160,0.2869,0.3849,0.4362,0.9495,0.3241,0.5808,0.3775,0.3804,0.2980,TCACRMLWVDMVHNFHSSSNNDWLGGDMYGKQSGQNYCMYSQPALQVGTVRQHRDSQRRSQNTP
11,MET,CYS,0.0790,0,4,16,0.9506,0.8036,0.7554,1.0852,0.0790,0.7303,1.2326,1.2519,0.8509,0.3591,0.4540,0.7497,0.2322,0.5449,1.6638,1.1177,0.6575,0.6405,0.8390,0.7925,TCACRMLWVDMVHNFHSSSNNDWLGGDMYGKQSGQNYCMYSQPALQVGTVRQHRDSQRRSQNTP
12,VAL,ILE,-0.1055,0,8,12,0.6952,0.7356,0.4411,0.9137,0.1533,0.7588,1.0353,1.4621,0.8723,-0.1055,0.1384,0.6088,0.3784,0.4767,1.2800,0.9012,0.5345,0.4286,0.8427,0.0320,TCACRMLWVDMVHNFHSSSNNDWLGGDMYGKQSGQNYCMYSQPALQVGTVRQHRDSQRRSQNTP
13,HIS,HIS,-0.2385,0,12,8,0.6183,0.7721,0.4567,0.8973,0.0170,0.5389,0.8853,0.8983,-0.2385,-0.1563,0.2482,0.2220,0.3503,0.1404,0.9261,0.4915,0.6115,-0.0790,0.2146,0.0884,TCACRMLWVDMVHNFHSSSNNDWLGGDMYGKQSGQNYCMYSQPALQVGTVRQHRDSQRRSQNTP
14,ASN,CYS,-0.2461,0,18,2,0.2606,0.0941,0.2926,0.3830,-0.2461,0.3503,0.7895,0.4251,0.3067,0.0230,0.3291,-0.0471,0.1893,0.4291,0.7900,0.3855,0.3915,0.2933,0.3058,0.1449,TCACRMLWVDMVHNFHSSSNNDWLGGDMYGKQSGQNYCMYSQPALQVGTVRQHRDSQRRSQNTP
15,PHE,CYS,0.1341,0,4,16,1.0462,0.9433,0.7456,1.0991,0.1341,1.1355,1.1167,1.2622,0.6816,0.6417,0.6753,0.8886,0.7436,0.1938,1.3371,1.0893,0.9199,0.2868,0.3544,0.7377,TCACRMLWVDMVHNFHSSSNNDWLGGDMYGKQSGQNYCMYSQPALQVGTVRQHRDSQRRSQNTP
16,HIS,CYS,-0.1613,0,9,11,0.6537,0.5102,0.7427,0.9976,-0.1613,0.7088,0.7681,0.9271,-0.0184,-0.0844,0.3206,0.3784,0.6076,0.2291,0.9869,0.5512,0.5725,-0.0193,0.3464,0.1655,TCACRMLWVDMVHNFHSSSNNDWLGGDMYGKQSGQNYCMYSQPALQVGTVRQHRDSQRRSQNTP
17,SER,CYS,-0.2874,0,16,4,0.1860,0.2416,0.3119,0.4655,-0.2874,0.3009,0.6899,0.5955,0.1751,0.0590,0.1350,0.1821,0.1893,0.3804,0.6929,0.2390,0.2552,0.5653,0.4538,0.1096,TCACRMLWVDMVHNFHSSSNNDWLGGDMYGKQSGQNYCMYSQPALQVGTVRQHRDSQRRSQNTP
18,SER,CYS,-0.2345,0,16,4,0.2244,0.2695,0.1391,0.5288,-0.2345,0.3908,0.6665,0.5831,0.1546,0.1810,0.2336,0.1837,0.2516,0.3214,0.6285,0.1860,0.3329,0.4877,0.3244,0.1820,TCACRMLWVDMVHNFHSSSNNDWLGGDMYGKQSGQNYCMYSQPALQVGTVRQHRDSQRRSQNTP
19,SER,CYS,-0.1283,0,16,4,0.3319,0.2912,0.2894,0.7151,-0.1283,0.3325,0.7006,0.6426,0.1562,0.1081,0.2297,0.2150,0.1914,0.2664,0.7723,0.3138,0.3805,0.3331,0.4259,0.1558,TCACRMLWVDMVHNFHSSSNNDWLGGDMYGKQSGQNYCMYSQPALQVGTVRQHRDSQRRSQNTP
20,ASN,CYS,-0.2118,0,17,3,0.4578,0.2920,0.1254,0.5254,-0.2118,0.2532,0.7169,0.3637,0.0464,0.0156,0.3404,0.1070,0.1717,0.2790,0.7547,0.2458,0.2617,0.2294,0.2961,0.2138,TCACRMLWVDMVHNFHSSSNNDWLGGDMYGKQSGQNYCMYSQPALQVGTVRQHRDSQRRSQNTP
21,ASN,CYS,-0.4714,0,16,4,0.3361,0.3300,0.2718,0.6678,-0.4714,0.4775,0.5750,0.3240,0.1772,0.1665,0.5201,0.0373,0.3890,0.4530,0.7002,0.1372,0.3306,0.4754,0.3431,0.3104,TCACRMLWVDMVHNFHSSSNNDWLGGDMYGKQSGQNYCMYSQPALQVGTVRQHRDSQRRSQNTP
22,ASP,CYS,-0.3359,0,16,4,0.3902,0.4362,0.1338,0.2946,-0.3359,0.4619,0.4307,0.4120,0.2223,0.4106,0.4788,0.2487,0.2189,0.5968,0.7185,0.3975,0.5919,0.7324,0.4307,0.4312,TCACRMLWVDMVHNFHSSSNNDWLGGDMYGKQSGQNYCMYSQPALQVGTVRQHRDSQRRSQNTP
23,TRP,CYS,0.2751,0,2,18,0.9171,1.0056,0.7578,0.8700,0.2751,0.8283,1.1116,0.9924,0.7015,1.1506,1.0448,0.8816,0.8929,0.9203,1.6013,0.9868,1.1515,0.4693,0.7689,1.0026,TCACRMLWVDMVHNFHSSSNNDWLGGDMYGKQSGQNYCMYSQPALQVGTVRQHRDSQRRSQNTP
24,LEU,LEU,0.0465,0,6,14,0.7899,0.5864,0.4055,0.6631,0.2403,0.8237,0.9889,1.2301,0.8940,0.3586,0.0465,0.7259,0.4091,0.6555,1.0737,0.9215,0.9024,0.7931,0.8360,0.4859,TCACRMLWVDMVHNFHSSSNNDWLGGDMYGKQSGQNYCMYSQPALQVGTVRQHRDSQRRSQNTP
25,GLY,CYS,0.1543,0,2,18,0.5688,0.8185,0.6601,0.6348,0.1543,0.7122,0.9238,0.6130,0.7297,0.7014,0.7402,0.4717,0.7027,0.6953,1.0955,0.7643,0.8356,0.5634,0.6250,0.6867,TCACRMLWVDMVHNFHSSSNNDWLGGDMYGKQSGQNYCMYSQPALQVGTVRQHRDSQRRSQNTP
26,GLY,CYS,-0.0599,0,3,17,0.5053,0.8494,0.6015,1.0353,-0.0599,0.8077,1.0780,0.3456,0.7089,0.4965,0.6209,0.5463,0.5578,0.5260,1.2384,0.6509,0.7641,0.7954,0.5215,0.7059,TCACRMLWVDMVHNFHSSSNNDWLGGDMYGKQSGQNYCMYSQPALQVGTVRQHRDSQRRSQNTP
27,ASP,CYS,-0.1165,0,5,15,0.7026,0.9597,0.2484,0.2744,-0.1165,0.4038,0.6456,0.5739,0.4988,0.5164,0.5974,0.5180,0.5026,0.5708,0.9637,0.6805,0.7534,0.7065,0.5022,0.5143,TCACRMLWVDMVHNFHSSSNNDWLGGDMYGKQSGQNYCMYSQPALQVGTVRQHRDSQRRSQNTP
28,MET,CYS,-0.0370,0,3,17,0.8309,0.7821,0.9385,1.0781,-0.0370,0.8723,1.2518,1.0392,0.8496,0.6337,0.4825,0.8362,0.1721,0.7670,1.4372,1.1285,0.9262,0.8058,0.7380,0.9021,TCACRMLWVDMVHNFHSSSNNDWLGGDMYGKQSGQNYCMYSQPALQVGTVRQHRDSQRRSQNTP
29,TYR,CYS,0.1167,0,10,10,0.6106,0.3668,0.3874,0.8965,0.1167,0.7136,1.0301,1.3173,0.3922,0.5392,0.5064,0.4478,0.6653,0.3215,1.3248,0.6399,0.2964,0.3143,0.4817,0.3876,TCACRMLWVDMVHNFHSSSNNDWLGGDMYGKQSGQNYCMYSQPALQVGTVRQHRDSQRRSQNTP
30,GLY,CYS,-0.0366,0,3,17,0.4115,0.7910,0.6539,0.7840,-0.0366,0.9146,1.1656,0.4173,0.9571,0.6648,0.5447,0.7151,0.5779,0.8871,1.2887,0.6634,0.7784,0.5930,0.7375,0.8411,TCACRMLWVDMVHNFHSSSNNDWLGGDMYGKQSGQNYCMYSQPALQVGTVRQHRDSQRRSQNTP
31,LYS,CYS,0.1147,0,11,9,0.5784,0.5742,0.4035,0.5674,0.1147,0.3095,0.5966,0.9236,0.4368,0.1929,0.2033,0.1372,0.2532,0.5623,0.8325,0.3733,0.3670,0.6158,0.6964,0.2233,TCACRMLWVDMVHNFHSSSNNDWLGGDMYGKQSGQNYCMYSQPALQVGTVRQHRDSQRRSQNTP
32,GLN,CYS,0.0312,0,16,4,0.2781,0.3221,0.3850,0.7096,0.0312,0.3155,0.4994,0.8911,0.1487,0.2333,0.2766,0.0734,0.2861,0.4461,0.7332,0.3933,0.3841,0.2591,0.5469,0.1883,TCACRMLWVDMVHNFHSSSNNDWLGGDMYGKQSGQNYCMYSQPALQVGTVRQHRDSQRRSQNTP
33,SER,CYS,-0.0551,0,16,4,0.2547,0.2487,0.3250,0.5311,-0.0551,0.4845,0.7125,0.6586,0.2980,0.1294,0.2679,0.1054,0.1144,0.3097,0.5940,0.2838,0.2267,0.4547,0.4317,0.1260,TCACRMLWVDMVHNFHSSSNNDWLGGDMYGKQSGQNYCMYSQPALQVGTVRQHRDSQRRSQNTP
34,GLY,CYS,0.2580,0,6,14,0.3933,0.7087,0.3361,0.7189,0.2580,0.7786,0.8793,0.3905,0.6890,0.6475,0.4674,0.6264,0.4818,0.7800,1.4128,0.6074,0.7521,0.6398,0.6405,0.7570,TCACRMLWVDMVHNFHSSSNNDWLGGDMYGKQSGQNYCMYSQPALQVGTVRQHRDSQRRSQNTP
35,GLN,GLN,0.1981,0,9,11,0.6188,0.5291,0.5749,1.0083,0.2735,0.1981,0.6909,0.8403,0.2574,0.2709,0.2765,0.2103,0.3340,0.6277,1.4214,0.5198,0.5585,0.3576,0.6215,0.4811,TCACRMLWVDMVHNFHSSSNNDWLGGDMYGKQSGQNYCMYSQPALQVGTVRQHRDSQRRSQNTP
36,ASN,CYS,-0.0029,0,16,4,0.4111,0.3855,0.1729,0.4469,-0.0029,0.4377,0.7052,0.5571,0.1874,0.4788,0.2267,0.0833,0.2535,0.3779,0.8285,0.3523,0.4428,0.0939,0.0890,0.7132,TCACRMLWVDMVHNFHSSSNNDWLGGDMYGKQSGQNYCMYSQPALQVGTVRQHRDSQRRSQNTP
37,TYR,TYR,0.2047,0,8,12,0.7254,0.5695,0.4876,1.1155,0.2626,1.0374,0.9546,1.1555,0.3771,0.4142,0.4972,0.5973,0.4841,0.2162,1.1676,0.8992,0.7288,0.6852,0.2047,0.5031,TCACRMLWVDMVHNFHSSSNNDWLGGDMYGKQSGQNYCMYSQPALQVGTVRQHRDSQRRSQNTP
38,CYS,ASN,-0.4741,0,13,7,0.0706,0.2322,-0.4741,0.2392,-0.4607,0.2874,0.5209,0.8559,-0.0272,0.3141,0.0436,0.1495,0.1042,0.5421,0.9654,0.6018,0.4331,0.6614,0.6343,0.4111,TCACRMLWVDMVHNFHSSSNNDWLGGDMYGKQSGQNYCMYSQPALQVGTVRQHRDSQRRSQNTP
39,MET,CYS,-0.1429,0,3,17,0.9076,0.8634,0.6841,0.9339,-0.1429,0.7879,1.0916,1.1127,0.8128,0.6089,0.3660,0.8600,0.0973,0.7635,1.4575,1.2170,0.8972,1.0402,0.7480,0.9272,TCACRMLWVDMVHNFHSSSNNDWLGGDMYGKQSGQNYCMYSQPALQVGTVRQHRDSQRRSQNTP
40,TYR,TRP,0.2183,0,9,11,0.6414,0.5954,0.3940,0.7902,0.3643,0.7774,0.9653,1.2949,0.5134,0.4584,0.3243,0.5635,0.4645,0.3053,1.4885,0.7014,0.3960,0.2183,0.2920,0.5311,TCACRMLWVDMVHNFHSSSNNDWLGGDMYGKQSGQNYCMYSQPALQVGTVRQHRDSQRRSQNTP
41,SER,CYS,0.0415,0,14,6,0.2197,0.3807,0.1534,0.4299,0.0415,0.2881,0.5513,0.7020,0.3785,0.0681,0.1436,0.1360,0.2004,0.6712,0.9607,0.3201,0.2770,0.5348,0.6652,0.2929,TCACRMLWVDMVHNFHSSSNNDWLGGDMYGKQSGQNYCMYSQPALQVGTVRQHRDSQRRSQNTP
42,GLN,ILE,-0.1867,0,13,7,0.3561,0.3860,0.6721,1.2036,-0.0006,0.3413,0.5249,1.0470,0.2772,-0.1867,-0.0560,-0.0827,0.1250,0.3696,1.1630,0.6638,0.2724,0.5876,0.4497,-0.0328,TCACRMLWVDMVHNFHSSSNNDWLGGDMYGKQSGQNYCMYSQPALQVGTVRQHRDSQRRSQNTP
43,PRO,LEU,0.1464,0,8,12,0.6121,0.6003,0.3513,0.7611,0.1640,0.6305,0.9198,0.9612,0.6089,0.3031,0.1464,0.2516,0.4885,0.4096,0.5415,0.8783,0.6120,0.7229,0.5170,0.4694,TCACRMLWVDMVHNFHSSSNNDWLGGDMYGKQSGQNYCMYSQPALQVGTVRQHRDSQRRSQNTP
44,ALA,CYS,-0.0693,0,12,8,0.2862,0.7211,0.1103,0.6121,-0.0693,0.4407,0.7873,0.9377,0.5334,0.2761,0.1290,0.5315,0.1734,0.4807,0.7189,0.3796,0.4032,0.6911,0.2363,0.2604,TCACRMLWVDMVHNFHSSSNNDWLGGDMYGKQSGQNYCMYSQPALQVGTVRQHRDSQRRSQNTP
45,LEU,LEU,0.0945,0,4,16,0.8841,0.8441,0.6267,0.8295,0.4831,0.7515,0.9483,1.1053,0.9460,0.3502,0.0945,0.8394,0.4703,0.5472,1.3710,1.0662,0.7054,0.7816,0.9088,0.6509,TCACRMLWVDMVHNFHSSSNNDWLGGDMYGKQSGQNYCMYSQPALQVGTVRQHRDSQRRSQNTP
46,GLN,CYS,-0.0058,0,16,4,0.3298,0.4162,0.4498,0.6949,-0.0058,0.3995,0.3433,0.7814,0.4861,0.1369,0.1267,0.1896,0.2763,0.4752,1.1676,0.3482,0.3257,0.4512,0.5097,0.3502,TCACRMLWVDMVHNFHSSSNNDWLGGDMYGKQSGQNYCMYSQPALQVGTVRQHRDSQRRSQNTP
47,VAL,CYS,-0.0011,0,11,9,0.4885,0.3477,0.4477,0.8279,-0.0011,0.6649,0.8814,1.0750,0.6983,0.1246,0.2285,0.2575,0.4396,0.4257,0.9488,0.7795,0.4088,0.6192,0.6943,0.2373,TCACRMLWVDMVHNFHSSSNNDWLGGDMYGKQSGQNYCMYSQPALQVGTVRQHRDSQRRSQNTP
48,GLY,CYS,-0.0549,0,3,17,0.6958,0.8172,0.4015,0.6112,-0.0549,0.8243,0.9448,0.4700,0.5236,0.6171,0.5368,0.5120,0.5569,0.8291,1.1841,0.6661,0.6720,0.8237,0.6949,0.6901,TCACRMLWVDMVHNFHSSSNNDWLGGDMYGKQSGQNYCMYSQPALQVGTVRQHRDSQRRSQNTP
49,THR,CYS,0.2365,0,10,10,0.7732,0.7565,0.4097,0.7460,0.2365,0.7944,0.8642,0.8186,0.6742,0.2452,0.3806,0.3298,0.3969,0.4822,0.8724,0.5482,0.3036,0.4481,0.6406,0.4746,TCACRMLWVDMVHNFHSSSNNDWLGGDMYGKQSGQNYCMYSQPALQVGTVRQHRDSQRRSQNTP
50,VAL,ILE,0.1503,0,8,12,0.7484,0.6305,0.4114,0.8417,0.1899,0.7413,0.7680,1.1525,0.6969,0.1503,0.2941,0.4655,0.3694,0.7289,1.2568,0.9062,0.3402,0.7803,0.9106,0.2344,TCACRMLWVDMVHNFHSSSNNDWLGGDMYGKQSGQNYCMYSQPALQVGTVRQHRDSQRRSQNTP
51,ARG,CYS,0.1407,0,7,13,0.6326,0.5507,0.1713,0.8699,0.1407,0.6002,0.8509,1.0467,0.3705,0.3682,0.2617,0.4441,0.4625,0.6180,1.0315,0.6368,0.6202,0.7708,0.5188,0.6580,TCACRMLWVDMVHNFHSSSNNDWLGGDMYGKQSGQNYCMYSQPALQVGTVRQHRDSQRRSQNTP
52,GLN,CYS,0.0738,0,8,12,0.6411,0.6627,0.4722,0.8109,0.0738,0.4528,0.6485,0.9800,0.3100,0.1254,0.2974,0.2654,0.5396,0.6132,1.3734,0.7482,0.6101,0.6285,0.5890,0.3122,TCACRMLWVDMVHNFHSSSNNDWLGGDMYGKQSGQNYCMYSQPALQVGTVRQHRDSQRRSQNTP
53,HIS,HIS,-0.0436,0,7,13,0.8624,0.6127,0.5658,0.8294,0.0821,0.8018,1.0545,0.9973,-0.0436,0.5062,0.4560,0.4177,0.6035,0.3059,1.1112,0.6794,0.6480,0.1662,0.1477,0.5007,TCACRMLWVDMVHNFHSSSNNDWLGGDMYGKQSGQNYCMYSQPALQVGTVRQHRDSQRRSQNTP
54,ARG,CYS,0.0719,0,13,7,0.4323,0.2044,0.4037,0.8137,0.0719,0.5581,0.7976,1.0119,0.3769,0.4372,0.2703,0.3084,0.3676,0.4686,0.8813,0.5239,0.4185,0.5619,0.4510,0.4724,TCACRMLWVDMVHNFHSSSNNDWLGGDMYGKQSGQNYCMYSQPALQVGTVRQHRDSQRRSQNTP
55,ASP,CYS,-0.1126,0,7,13,0.5356,0.5904,0.0586,0.2809,-0.1126,0.5774,0.7341,0.5656,0.5249,0.5532,0.3716,0.2949,0.3669,0.6323,0.9970,0.6234,0.5522,0.7000,0.5791,0.3925,TCACRMLWVDMVHNFHSSSNNDWLGGDMYGKQSGQNYCMYSQPALQVGTVRQHRDSQRRSQNTP
56,SER,ILE,0.1604,0,15,5,0.1674,0.4296,0.3201,0.4375,0.1788,0.5136,0.5700,0.6921,0.3816,0.1604,0.1673,0.2402,0.2050,0.4545,0.9048,0.3437,0.2836,0.6711,0.4702,0.1848,TCACRMLWVDMVHNFHSSSNNDWLGGDMYGKQSGQNYCMYSQPALQVGTVRQHRDSQRRSQNTP
57,GLN,ILE,0.0296,0,12,8,0.5560,0.4444,0.6100,0.9950,0.0367,0.4221,0.4955,0.9078,0.3354,0.0296,0.0418,0.2129,0.3147,0.4451,1.2115,0.7463,0.4703,0.6186,0.7857,0.0740,TCACRMLWVDMVHNFHSSSNNDWLGGDMYGKQSGQNYCMYSQPALQVGTVRQHRDSQRRSQNTP
58,ARG,CYS,-0.0599,0,14,6,0.4865,0.3267,0.2329,0.6686,-0.0599,0.3814,0.7375,0.8019,0.2380,0.4127,0.2304,0.2864,0.2838,0.3999,1.0099,0.4686,0.4119,0.6530,0.3175,0.5387,TCACRMLWVDMVHNFHSSSNNDWLGGDMYGKQSGQNYCMYSQPALQVGTVRQHRDSQRRSQNTP
59,ARG,CYS,-0.0107,0,12,8,0.4599,0.4089,0.1236,0.6855,-0.0107,0.5174,0.8359,0.8556,0.2732,0.2988,0.1905,0.3538,0.2751,0.4537,0.9713,0.6455,0.5495,0.5458,0.3297,0.4838,TCACRMLWVDMVHNFHSSSNNDWLGGDMYGKQSGQNYCMYSQPALQVGTVRQHRDSQRRSQNTP
60,SER,CYS,-0.0495,0,15,5,0.2322,0.3906,0.1944,0.5318,-0.0495,0.3621,0.6523,0.5635,0.3901,0.1928,0.3129,0.2111,0.1286,0.3774,0.7336,0.3161,0.3949,0.4948,0.5106,0.2627,TCACRMLWVDMVHNFHSSSNNDWLGGDMYGKQSGQNYCMYSQPALQVGTVRQHRDSQRRSQNTP
61,GLN,CYS,-0.0135,0,16,4,0.2880,0.3917,0.3916,0.9054,-0.0135,0.2924,0.4356,0.7258,0.1455,0.0616,0.2395,0.1157,0.3466,0.4504,0.9217,0.4354,0.3729,0.4223,0.6016,0.0193,TCACRMLWVDMVHNFHSSSNNDWLGGDMYGKQSGQNYCMYSQPALQVGTVRQHRDSQRRSQNTP
62,ASN,CYS,-0.1267,0,13,7,0.5365,0.6684,0.1421,0.4707,-0.1267,0.5226,0.8448,0.7079,0.3046,0.2612,0.2187,0.2354,0.2632,0.6494,0.9437,0.4490,0.3451,0.4874,0.4254,0.4696,TCACRMLWVDMVHNFHSSSNNDWLGGDMYGKQSGQNYCMYSQPALQVGTVRQHRDSQRRSQNTP
63,THR,VAL,0.0791,0,14,6,0.3770,0.7118,0.2853,0.5939,0.1219,0.5947,0.5813,0.8508,0.4609,0.1369,0.2706,0.3278,0.2055,0.4916,0.7063,0.4842,0.1563,0.4600,0.3235,0.0791,TCACRMLWVDMVHNFHSSSNNDWLGGDMYGKQSGQNYCMYSQPALQVGTVRQHRDSQRRSQNTP
64,PRO,CYS,0.0312,0,14,6,0.2825,0.7154,0.3116,0.3976,0.0312,0.4093,0.3686,0.6835,0.4998,0.1366,0.1617,0.3900,0.2910,0.5955,0.2843,0.7073,0.4613,0.6275,0.6356,0.1711,TCACRMLWVDMVHNFHSSSNNDWLGGDMYGKQSGQNYCMYSQPALQVGTVRQHRDSQRRSQNTP
